game_id,target,Usage
5,1,Public
7,1,Public
12,0,Public
15,1,Public
20,1,Public
22,0,Public
24,0,Public
27,0,Public
28,1,Public
30,1,Public
31,0,Public
33,1,Public
34,1,Public
36,0,Public
38,1,Public
44,0,Public
45,1,Public
46,1,Public
49,0,Public
52,1,Public
56,0,Public
59,1,Public
63,0,Public
64,1,Public
71,0,Public
75,0,Public
81,0,Public
85,1,Public
94,1,Public
95,1,Public
104,1,Public
105,0,Public
108,0,Public
109,0,Public
110,1,Public
112,0,Public
115,0,Public
118,0,Public
121,0,Public
122,1,Public
124,1,Public
125,0,Public
133,0,Public
134,0,Public
142,1,Public
143,0,Public
147,0,Public
148,1,Public
149,0,Public
150,0,Public
152,0,Public
156,1,Public
157,0,Public
159,0,Public
161,0,Public
163,0,Public
172,1,Public
181,1,Public
182,1,Public
183,1,Public
187,0,Public
193,0,Public
203,0,Public
206,1,Public
207,0,Public
209,0,Public
210,1,Public
211,0,Public
217,0,Public
222,0,Public
223,1,Public
224,0,Public
225,1,Public
236,0,Public
237,1,Public
238,1,Public
241,0,Public
244,0,Public
246,0,Public
249,0,Public
251,0,Public
255,1,Public
261,0,Public
263,1,Public
264,1,Public
270,0,Public
271,1,Public
273,1,Public
278,0,Public
279,0,Public
284,0,Public
286,0,Public
288,1,Public
292,0,Public
297,1,Public
302,1,Public
304,0,Public
305,0,Public
307,1,Public
308,0,Public
312,1,Public
314,1,Public
315,1,Public
317,1,Public
322,0,Public
323,1,Public
328,0,Public
329,1,Public
331,1,Public
339,0,Public
349,0,Public
352,0,Public
359,0,Public
361,0,Public
367,0,Public
368,0,Public
369,1,Public
370,1,Public
375,0,Public
382,1,Public
384,1,Public
386,1,Public
390,1,Public
392,1,Public
393,1,Public
394,0,Public
396,0,Public
397,1,Public
398,1,Public
399,0,Public
405,0,Public
410,1,Public
411,0,Public
413,0,Public
416,0,Public
417,1,Public
418,0,Public
420,0,Public
433,0,Public
436,1,Public
442,0,Public
451,0,Public
454,0,Public
455,0,Public
456,0,Public
457,1,Public
460,1,Public
462,0,Public
465,1,Public
467,0,Public
470,1,Public
471,1,Public
475,0,Public
476,1,Public
477,0,Public
484,1,Public
490,0,Public
492,0,Public
493,1,Public
496,0,Public
498,1,Public
506,0,Public
509,1,Public
514,0,Public
516,1,Public
520,0,Public
521,1,Public
522,1,Public
526,0,Public
527,1,Public
528,1,Public
531,0,Public
532,0,Public
537,1,Public
541,0,Public
542,0,Public
543,0,Public
544,0,Public
545,0,Public
547,1,Public
550,0,Public
553,1,Public
554,0,Public
558,0,Public
561,0,Public
569,1,Public
570,1,Public
579,1,Public
581,1,Public
587,1,Public
595,0,Public
596,0,Public
597,0,Public
599,0,Public
604,1,Public
607,0,Public
611,0,Public
612,1,Public
613,0,Public
614,1,Public
618,0,Public
619,1,Public
623,0,Public
627,1,Public
634,1,Public
635,1,Public
637,0,Public
638,1,Public
643,0,Public
644,1,Public
646,0,Public
647,0,Public
649,0,Public
655,0,Public
659,1,Public
662,1,Public
666,0,Public
669,0,Public
670,0,Public
673,0,Public
674,0,Public
675,0,Public
681,1,Public
685,0,Public
687,0,Public
688,0,Public
692,0,Public
696,0,Public
699,0,Public
700,1,Public
702,0,Public
707,0,Public
710,0,Public
712,0,Public
717,1,Public
718,0,Public
719,0,Public
723,1,Public
738,0,Public
742,1,Public
744,0,Public
748,1,Public
750,1,Public
751,0,Public
756,1,Public
761,0,Public
763,1,Public
765,1,Public
770,0,Public
771,0,Public
776,0,Public
777,0,Public
780,1,Public
782,1,Public
784,0,Public
795,0,Public
797,0,Public
799,0,Public
805,0,Public
812,1,Public
819,0,Public
820,0,Public
821,1,Public
823,0,Public
825,0,Public
830,0,Public
831,1,Public
833,0,Public
836,1,Public
837,0,Public
844,1,Public
845,0,Public
853,0,Public
854,1,Public
856,1,Public
857,0,Public
863,0,Public
867,0,Public
871,0,Public
875,1,Public
878,1,Public
879,1,Public
881,0,Public
886,0,Public
888,1,Public
891,0,Public
896,1,Public
897,0,Public
898,0,Public
900,0,Public
902,0,Public
903,0,Public
905,0,Public
906,1,Public
911,0,Public
913,1,Public
914,1,Public
915,1,Public
920,1,Public
922,0,Public
924,0,Public
926,1,Public
929,1,Public
930,1,Public
936,0,Public
940,1,Public
944,0,Public
946,0,Public
947,1,Public
948,1,Public
952,0,Public
956,1,Public
958,1,Public
961,1,Public
962,0,Public
967,0,Public
968,1,Public
969,0,Public
976,1,Public
979,0,Public
985,0,Public
990,0,Public
996,1,Public
1005,0,Public
1011,1,Public
1013,1,Public
1014,1,Public
1015,0,Public
1016,1,Public
1017,0,Public
1019,1,Public
1021,0,Public
1024,0,Public
1025,1,Public
1026,1,Public
1028,0,Public
1031,1,Public
1034,1,Public
1043,0,Public
1045,0,Public
1050,0,Public
1052,0,Public
1053,0,Public
1056,0,Public
1062,0,Public
1064,0,Public
1071,0,Public
1083,1,Public
1085,1,Public
1086,1,Public
1087,1,Public
1088,1,Public
1089,0,Public
1098,0,Public
1099,0,Public
1102,0,Public
1107,0,Public
1108,0,Public
1114,0,Public
1115,1,Public
1117,0,Public
1123,0,Public
1126,0,Public
1128,0,Public
1130,0,Public
1133,1,Public
1136,0,Public
1138,0,Public
1141,0,Public
1142,0,Public
1148,0,Public
1154,0,Public
1156,0,Public
1158,0,Public
1159,0,Public
1162,1,Public
1164,1,Public
1166,1,Public
1167,0,Public
1168,0,Public
1173,1,Public
1175,1,Public
1182,0,Public
1183,1,Public
1185,0,Public
1187,0,Public
1189,0,Public
1191,1,Public
1192,1,Public
1198,1,Public
1200,0,Public
1201,0,Public
1204,0,Public
1207,0,Public
1208,1,Public
1216,1,Public
1217,0,Public
1220,0,Public
1222,1,Public
1225,0,Public
1227,0,Public
1228,1,Public
1236,0,Public
1240,0,Public
1241,0,Public
1244,1,Public
1246,1,Public
1253,0,Public
1259,1,Public
1260,0,Public
1261,0,Public
1263,0,Public
1267,0,Public
1272,1,Public
1273,0,Public
1274,1,Public
1275,0,Public
1276,0,Public
1277,1,Public
1279,0,Public
1285,1,Public
1292,0,Public
1295,1,Public
1304,1,Public
1306,0,Public
1308,1,Public
1313,1,Public
1316,0,Public
1325,0,Public
1326,0,Public
1328,0,Public
1331,1,Public
1333,0,Public
1335,0,Public
1336,0,Public
1340,1,Public
1341,0,Public
1342,0,Public
1356,1,Public
1363,1,Public
1364,1,Public
1365,1,Public
1366,0,Public
1367,0,Public
1369,0,Public
1375,1,Public
1380,0,Public
1382,0,Public
1383,0,Public
1387,0,Public
1388,0,Public
1389,0,Public
1390,1,Public
1394,0,Public
1399,1,Public
1400,1,Public
1406,0,Public
1410,1,Public
1411,1,Public
1416,0,Public
1418,1,Public
1419,1,Public
1422,1,Public
1426,0,Public
1427,1,Public
1433,1,Public
1436,1,Public
1440,1,Public
1441,1,Public
1451,0,Public
1454,0,Public
1456,0,Public
1457,1,Public
1459,0,Public
1466,1,Public
1478,1,Public
1479,1,Public
1481,1,Public
1487,0,Public
1492,1,Public
1495,1,Public
1496,1,Public
1497,0,Public
1501,0,Public
1505,1,Public
1507,1,Public
1508,0,Public
1517,0,Public
1520,1,Public
1524,1,Public
1527,0,Public
1528,1,Public
1529,1,Public
1532,1,Public
1540,0,Public
1543,1,Public
1544,1,Public
1547,1,Public
1549,1,Public
1550,1,Public
1552,1,Public
1553,0,Public
1554,0,Public
1562,0,Public
1565,0,Public
1567,0,Public
1568,0,Public
1570,0,Public
1576,1,Public
1582,1,Public
1583,0,Public
1584,1,Public
1587,1,Public
1592,0,Public
1597,1,Public
1601,0,Public
1606,1,Public
1612,0,Public
1613,1,Public
1618,0,Public
1625,0,Public
1626,0,Public
1629,0,Public
1630,0,Public
1636,0,Public
1642,0,Public
1652,1,Public
1654,1,Public
1661,0,Public
1664,0,Public
1666,0,Public
1673,0,Public
1679,0,Public
1680,0,Public
1686,1,Public
1691,1,Public
1692,1,Public
1700,0,Public
1706,0,Public
1710,1,Public
1713,0,Public
1719,0,Public
1720,0,Public
1723,1,Public
1725,1,Public
1728,1,Public
1733,0,Public
1744,0,Public
1745,1,Public
1751,0,Public
1762,0,Public
1766,1,Public
1771,1,Public
1784,0,Public
1785,1,Public
1795,0,Public
1796,0,Public
1798,0,Public
1800,0,Public
1803,1,Public
1807,0,Public
1812,1,Public
1813,0,Public
1816,1,Public
1817,1,Public
1820,0,Public
1821,1,Public
1822,1,Public
1823,1,Public
1825,0,Public
1826,1,Public
1828,0,Public
1830,1,Public
1833,0,Public
1837,0,Public
1839,1,Public
1840,0,Public
1844,1,Public
1850,1,Public
1851,0,Public
1862,0,Public
1867,1,Public
1871,0,Public
1872,1,Public
1873,0,Public
1879,0,Public
1881,0,Public
1882,1,Public
1892,0,Public
1893,0,Public
1899,1,Public
1900,1,Public
1901,1,Public
1904,0,Public
1908,1,Public
1910,0,Public
1911,0,Public
1915,0,Public
1918,1,Public
1919,0,Public
1920,0,Public
1923,0,Public
1925,0,Public
1935,0,Public
1936,0,Public
1937,0,Public
1939,1,Public
1940,0,Public
1943,1,Public
1948,0,Public
1949,1,Public
1951,1,Public
1954,0,Public
1957,0,Public
1958,0,Public
1962,1,Public
1964,1,Public
1969,1,Public
1971,0,Public
1976,0,Public
1977,0,Public
1978,0,Public
1979,0,Public
1980,1,Public
1982,0,Public
1983,0,Public
1987,1,Public
1990,1,Public
2002,0,Public
2004,1,Public
2008,1,Public
2011,0,Public
2020,0,Public
2021,0,Public
2022,1,Public
2026,1,Public
2030,1,Public
2031,0,Public
2035,0,Public
2040,0,Public
2045,0,Public
2055,0,Public
2056,0,Public
2059,0,Public
2064,1,Public
2067,1,Public
2071,1,Public
2075,1,Public
2076,0,Public
2083,1,Public
2084,1,Public
2085,0,Public
2089,1,Public
2091,1,Public
2099,1,Public
2101,1,Public
2104,1,Public
2113,1,Public
2114,0,Public
2115,1,Public
2117,1,Public
2120,0,Public
2121,0,Public
2124,0,Public
2129,1,Public
2134,0,Public
2141,0,Public
2142,0,Public
2147,0,Public
2149,0,Public
2153,1,Public
2157,0,Public
2159,0,Public
2168,1,Public
2169,0,Public
2171,0,Public
2172,1,Public
2173,1,Public
2182,1,Public
2184,1,Public
2186,0,Public
2190,1,Public
2196,0,Public
2198,1,Public
2202,1,Public
2203,0,Public
2205,1,Public
2206,1,Public
2207,1,Public
2208,0,Public
2212,0,Public
2215,1,Public
2224,1,Public
2227,1,Public
2229,1,Public
2232,0,Public
2237,0,Public
2241,0,Public
2244,0,Public
2252,0,Public
2256,0,Public
2258,1,Public
2259,0,Public
2265,0,Public
2267,0,Public
2271,0,Public
2273,0,Public
2276,0,Public
2283,0,Public
2285,0,Public
2286,0,Public
2287,1,Public
2300,0,Public
2313,0,Public
2316,0,Public
2330,0,Public
2332,1,Public
2334,0,Public
2342,0,Public
2343,0,Public
2348,1,Public
2357,0,Public
2358,0,Public
2359,0,Public
2360,1,Public
2377,0,Public
2383,1,Public
2384,0,Public
2387,0,Public
2400,1,Public
2406,1,Public
2411,0,Public
2414,0,Public
2420,1,Public
2423,0,Public
2424,0,Public
2425,1,Public
2428,0,Public
2438,0,Public
2439,0,Public
2440,0,Public
2443,0,Public
2447,1,Public
2448,1,Public
2449,1,Public
2450,1,Public
2451,1,Public
2456,0,Public
2466,0,Public
2467,0,Public
2471,1,Public
2485,0,Public
2488,1,Public
2490,1,Public
2491,0,Public
2492,1,Public
2495,0,Public
2503,1,Public
2504,1,Public
2507,0,Public
2508,0,Public
2509,1,Public
2512,0,Public
2514,0,Public
2515,0,Public
2520,1,Public
2521,1,Public
2522,0,Public
2526,0,Public
2533,1,Public
2534,1,Public
2536,0,Public
2537,1,Public
2539,0,Public
2540,0,Public
2541,0,Public
2542,0,Public
2545,0,Public
2552,0,Public
2554,0,Public
2556,0,Public
2559,1,Public
2563,1,Public
2565,0,Public
2568,1,Public
2572,1,Public
2587,0,Public
2590,0,Public
2591,0,Public
2594,0,Public
2596,0,Public
2597,0,Public
2598,0,Public
2599,0,Public
2601,1,Public
2608,0,Public
2610,0,Public
2611,1,Public
2627,0,Public
2629,1,Public
2630,0,Public
2631,0,Public
2632,0,Public
2640,1,Public
2644,0,Public
2647,0,Public
2653,1,Public
2654,1,Public
2656,0,Public
2658,0,Public
2659,1,Public
2673,1,Public
2677,0,Public
2683,1,Public
2687,0,Public
2688,1,Public
2691,0,Public
2694,0,Public
2695,1,Public
2702,1,Public
2704,1,Public
2707,1,Public
2708,1,Public
2711,0,Public
2712,1,Public
2713,1,Public
2714,0,Public
2715,0,Public
2716,1,Public
2721,1,Public
2724,0,Public
2726,0,Public
2727,1,Public
2733,0,Public
2734,0,Public
2741,0,Public
2742,1,Public
2744,0,Public
2745,1,Public
2749,1,Public
2751,0,Public
2757,1,Public
2759,0,Public
2761,0,Public
2762,1,Public
2767,1,Public
2769,0,Public
2773,0,Public
2774,1,Public
2775,0,Public
2778,0,Public
2780,0,Public
2795,0,Public
2799,0,Public
2801,0,Public
2813,1,Public
2814,1,Public
2819,0,Public
2820,1,Public
2827,0,Public
2828,0,Public
2831,0,Public
2841,1,Public
2846,1,Public
2848,0,Public
2849,0,Public
2851,1,Public
2855,1,Public
2856,1,Public
2858,1,Public
2861,1,Public
2869,0,Public
2871,0,Public
2874,1,Public
2875,0,Public
2876,0,Public
2879,1,Public
2880,0,Public
2884,0,Public
2899,0,Public
2907,0,Public
2908,0,Public
2914,1,Public
2915,1,Public
2916,1,Public
2917,0,Public
2919,0,Public
2923,0,Public
2928,0,Public
2934,1,Public
2940,0,Public
2950,0,Public
2951,0,Public
2961,1,Public
2966,0,Public
2970,1,Public
2975,0,Public
2977,1,Public
2985,1,Public
2989,1,Public
2990,0,Public
2991,1,Public
2992,1,Public
2994,1,Public
2997,0,Public
3006,0,Public
3007,0,Public
3013,0,Public
3016,1,Public
3017,1,Public
3027,0,Public
3028,0,Public
3035,1,Public
3037,1,Public
3039,0,Public
3040,1,Public
3044,0,Public
3045,0,Public
3046,0,Public
3047,0,Public
3050,0,Public
3054,0,Public
3057,0,Public
3058,0,Public
3059,0,Public
3068,1,Public
3071,0,Public
3072,1,Public
3075,0,Public
3077,1,Public
3081,1,Public
3083,0,Public
3084,0,Public
3088,0,Public
3092,0,Public
3094,1,Public
3104,0,Public
3106,1,Public
3107,1,Public
3109,1,Public
3112,0,Public
3115,1,Public
3119,0,Public
3131,1,Public
3135,0,Public
3137,1,Public
3144,1,Public
3149,0,Public
3152,0,Public
3154,1,Public
3156,0,Public
3162,0,Public
3165,0,Public
3166,1,Public
3168,1,Public
3169,0,Public
3170,0,Public
3185,1,Public
3187,1,Public
3188,0,Public
3191,1,Public
3193,0,Public
3194,0,Public
3203,1,Public
3206,1,Public
3210,1,Public
3211,0,Public
3215,1,Public
3216,0,Public
3218,0,Public
3221,0,Public
3234,0,Public
3236,0,Public
3241,0,Public
3245,0,Public
3247,0,Public
3250,0,Public
3252,1,Public
3254,0,Public
3255,1,Public
3257,0,Public
3260,1,Public
3261,1,Public
3264,1,Public
3265,1,Public
3270,0,Public
3272,0,Public
3273,0,Public
3275,0,Public
3277,0,Public
3278,1,Public
3280,0,Public
3281,0,Public
3282,1,Public
3284,1,Public
3293,0,Public
3294,1,Public
3297,0,Public
3300,1,Public
3304,1,Public
3305,0,Public
3306,0,Public
3315,1,Public
3317,0,Public
3318,0,Public
3322,1,Public
3327,0,Public
3328,0,Public
3333,0,Public
3338,0,Public
3339,0,Public
3341,0,Public
3342,0,Public
3346,1,Public
3347,0,Public
3348,1,Public
3349,0,Public
3353,1,Public
3367,0,Public
3372,1,Public
3373,0,Public
3379,0,Public
3384,1,Public
3389,1,Public
3390,1,Public
3402,1,Public
3403,0,Public
3406,1,Public
3409,0,Public
3413,1,Public
3414,0,Public
3417,1,Public
3428,0,Public
3430,0,Public
3437,0,Public
3438,0,Public
3446,1,Public
3448,1,Public
3451,0,Public
3454,1,Public
3455,1,Public
3459,0,Public
3465,0,Public
3474,1,Public
3477,0,Public
3481,0,Public
3484,1,Public
3487,0,Public
3494,1,Public
3496,0,Public
3497,0,Public
3500,0,Public
3501,0,Public
3503,1,Public
3508,1,Public
3510,0,Public
3515,0,Public
3520,1,Public
3527,0,Public
3540,1,Public
3541,0,Public
3542,1,Public
3549,1,Public
3550,0,Public
3553,1,Public
3560,1,Public
3569,0,Public
3577,0,Public
3580,1,Public
3581,1,Public
3584,0,Public
3588,0,Public
3592,1,Public
3593,0,Public
3600,0,Public
3602,0,Public
3608,0,Public
3609,0,Public
3613,0,Public
3614,0,Public
3617,1,Public
3618,1,Public
3621,1,Public
3622,1,Public
3623,1,Public
3627,1,Public
3629,0,Public
3634,1,Public
3635,0,Public
3640,0,Public
3641,0,Public
3645,1,Public
3648,0,Public
3650,1,Public
3654,0,Public
3657,0,Public
3661,1,Public
3672,1,Public
3676,0,Public
3677,1,Public
3678,1,Public
3686,0,Public
3698,1,Public
3699,1,Public
3700,0,Public
3702,0,Public
3705,0,Public
3706,1,Public
3708,1,Public
3713,0,Public
3714,0,Public
3715,1,Public
3719,0,Public
3726,1,Public
3727,0,Public
3728,0,Public
3731,0,Public
3736,0,Public
3743,0,Public
3745,0,Public
3752,0,Public
3756,0,Public
3757,0,Public
3758,0,Public
3760,0,Public
3762,0,Public
3766,1,Public
3767,0,Public
3771,0,Public
3773,0,Public
3774,1,Public
3775,1,Public
3784,0,Public
3788,0,Public
3789,0,Public
3791,1,Public
3792,0,Public
3793,0,Public
3794,0,Public
3795,1,Public
3796,0,Public
3798,0,Public
3800,1,Public
3801,1,Public
3802,0,Public
3803,1,Public
3804,0,Public
3807,1,Public
3814,0,Public
3820,1,Public
3829,0,Public
3830,0,Public
3833,0,Public
3834,1,Public
3841,0,Public
3842,1,Public
3844,0,Public
3845,0,Public
3848,0,Public
3853,1,Public
3854,1,Public
3858,0,Public
3860,1,Public
3863,0,Public
3865,0,Public
3870,0,Public
3876,0,Public
3877,0,Public
3884,0,Public
3885,1,Public
3888,0,Public
3892,0,Public
3894,1,Public
3895,0,Public
3897,0,Public
3901,1,Public
3910,0,Public
3912,1,Public
3914,0,Public
3916,1,Public
3917,1,Public
3919,0,Public
3920,0,Public
3926,0,Public
3927,1,Public
3930,1,Public
3934,0,Public
3938,0,Public
3941,1,Public
3942,1,Public
3950,1,Public
3951,0,Public
3954,1,Public
3955,1,Public
3957,0,Public
3959,1,Public
3961,0,Public
3975,1,Public
3977,0,Public
3981,1,Public
3983,0,Public
3984,0,Public
3985,1,Public
3988,1,Public
3993,0,Public
3994,1,Public
3995,0,Public
4000,1,Public
4008,0,Public
4014,1,Public
4015,1,Public
4019,1,Public
4021,0,Public
4023,1,Public
4024,0,Public
4026,0,Public
4028,1,Public
4030,1,Public
4034,0,Public
4036,0,Public
4037,0,Public
4039,0,Public
4042,1,Public
4044,1,Public
4050,1,Public
4056,1,Public
4060,1,Public
4062,1,Public
4064,1,Public
4065,0,Public
4069,0,Public
4070,1,Public
4077,0,Public
4085,1,Public
4086,1,Public
4091,0,Public
4092,0,Public
4094,0,Public
4100,0,Public
4101,0,Public
4104,1,Public
4105,0,Public
4107,0,Public
4113,1,Public
4116,0,Public
4122,0,Public
4127,0,Public
4128,0,Public
4129,0,Public
4133,0,Public
4137,0,Public
4138,0,Public
4143,0,Public
4145,0,Public
4148,0,Public
4164,1,Public
4169,1,Public
4172,0,Public
4173,1,Public
4177,1,Public
4181,1,Public
4185,0,Public
4195,0,Public
4198,0,Public
4199,0,Public
4201,0,Public
4204,0,Public
4209,1,Public
4212,0,Public
4216,0,Public
4222,0,Public
4230,0,Public
4234,1,Public
4235,0,Public
4242,1,Public
4248,0,Public
4251,0,Public
4253,0,Public
4264,0,Public
4265,1,Public
4270,1,Public
4272,1,Public
4274,0,Public
4278,1,Public
4282,1,Public
4285,1,Public
4288,1,Public
4290,0,Public
4295,0,Public
4300,0,Public
4306,1,Public
4309,1,Public
4313,1,Public
4315,0,Public
4316,1,Public
4318,1,Public
4325,0,Public
4333,0,Public
4334,0,Public
4339,0,Public
4342,0,Public
4343,1,Public
4348,0,Public
4353,0,Public
4361,1,Public
4362,1,Public
4364,0,Public
4365,0,Public
4367,0,Public
4370,0,Public
4371,0,Public
4372,0,Public
4374,0,Public
4375,1,Public
4377,0,Public
4382,1,Public
4388,1,Public
4389,0,Public
4392,1,Public
4393,0,Public
4395,0,Public
4398,0,Public
4400,0,Public
4401,1,Public
4407,0,Public
4436,1,Public
4440,1,Public
4444,0,Public
4446,0,Public
4450,1,Public
4455,1,Public
4458,1,Public
4459,0,Public
4461,0,Public
4462,0,Public
4464,0,Public
4468,0,Public
4473,0,Public
4474,0,Public
4479,1,Public
4480,0,Public
4483,0,Public
4484,0,Public
4489,0,Public
4490,0,Public
4493,1,Public
4497,0,Public
4506,1,Public
4515,1,Public
4518,1,Public
4520,0,Public
4522,0,Public
4524,0,Public
4527,0,Public
4528,1,Public
4530,0,Public
4533,0,Public
4535,0,Public
4537,0,Public
4538,0,Public
4544,0,Public
4549,0,Public
4553,1,Public
4555,0,Public
4559,1,Public
4560,1,Public
4562,0,Public
4563,0,Public
4568,0,Public
4570,0,Public
4571,1,Public
4573,0,Public
4574,0,Public
4586,0,Public
4588,0,Public
4593,1,Public
4594,1,Public
4595,0,Public
4596,0,Public
4602,1,Public
4608,0,Public
4611,0,Public
4613,1,Public
4616,0,Public
4619,1,Public
4625,1,Public
4629,0,Public
4630,1,Public
4636,0,Public
4637,0,Public
4640,1,Public
4641,1,Public
4646,0,Public
4647,0,Public
4648,0,Public
4651,0,Public
4665,1,Public
4667,1,Public
4668,1,Public
4670,0,Public
4677,0,Public
4678,0,Public
4681,1,Public
4687,1,Public
4688,0,Public
4689,1,Public
4690,1,Public
4695,0,Public
4699,0,Public
4709,1,Public
4713,0,Public
4715,1,Public
4718,1,Public
4719,1,Public
4721,1,Public
4722,1,Public
4724,0,Public
4726,1,Public
4727,0,Public
4732,0,Public
4733,1,Public
4734,0,Public
4735,0,Public
4738,1,Public
4740,0,Public
4747,0,Public
4749,1,Public
4750,0,Public
4751,1,Public
4753,1,Public
4755,0,Public
4760,0,Public
4761,0,Public
4765,1,Public
4770,0,Public
4778,1,Public
4779,1,Public
4784,1,Public
4786,0,Public
4788,0,Public
4792,1,Public
4793,1,Public
4796,0,Public
4800,0,Public
4804,0,Public
4808,1,Public
4811,1,Public
4814,0,Public
4815,0,Public
4823,0,Public
4825,0,Public
4827,0,Public
4828,1,Public
4829,0,Public
4837,1,Public
4841,0,Public
4844,0,Public
4845,1,Public
4846,1,Public
4847,0,Public
4850,1,Public
4851,1,Public
4855,0,Public
4858,1,Public
4861,1,Public
4864,0,Public
4868,1,Public
4870,0,Public
4872,1,Public
4874,1,Public
4876,1,Public
4877,1,Public
4880,0,Public
4881,1,Public
4886,0,Public
4889,0,Public
4891,0,Public
4893,0,Public
4901,0,Public
4903,0,Public
4904,0,Public
4907,0,Public
4914,0,Public
4920,1,Public
4922,1,Public
4925,0,Public
4926,0,Public
4929,0,Public
4932,1,Public
4937,1,Public
4938,0,Public
4943,0,Public
4948,0,Public
4949,0,Public
4956,0,Public
4961,0,Public
4962,0,Public
4965,1,Public
4970,0,Public
4972,0,Public
4975,0,Public
4984,0,Public
4992,0,Public
4997,1,Public
4998,0,Public
5004,0,Public
5007,0,Public
5008,1,Public
5009,0,Public
5010,1,Public
5011,1,Public
5012,1,Public
5014,1,Public
5016,1,Public
5024,0,Public
5035,0,Public
5038,1,Public
5041,1,Public
5049,0,Public
5051,0,Public
5056,0,Public
5062,0,Public
5064,1,Public
5065,1,Public
5069,0,Public
5070,1,Public
5073,1,Public
5078,1,Public
5079,1,Public
5081,0,Public
5082,0,Public
5083,0,Public
5084,1,Public
5086,0,Public
5091,1,Public
5094,0,Public
5095,0,Public
5096,1,Public
5103,1,Public
5111,1,Public
5113,0,Public
5118,0,Public
5121,1,Public
5122,1,Public
5123,1,Public
5125,1,Public
5126,0,Public
5127,1,Public
5129,1,Public
5130,0,Public
5136,0,Public
5140,1,Public
5141,0,Public
5143,1,Public
5144,1,Public
5147,0,Public
5162,1,Public
5163,0,Public
5164,1,Public
5165,0,Public
5166,1,Public
5168,1,Public
5174,0,Public
5180,0,Public
5181,1,Public
5195,0,Public
5201,0,Public
5202,0,Public
5203,1,Public
5204,0,Public
5206,0,Public
5207,0,Public
5209,0,Public
5212,1,Public
5217,1,Public
5223,0,Public
5231,1,Public
5238,0,Public
5239,0,Public
5241,1,Public
5248,0,Public
5253,0,Public
5256,1,Public
5257,0,Public
5258,1,Public
5266,1,Public
5268,0,Public
5274,0,Public
5277,0,Public
5279,0,Public
5284,0,Public
5287,0,Public
5301,1,Public
5302,0,Public
5303,0,Public
5306,0,Public
5308,0,Public
5310,0,Public
5314,0,Public
5317,1,Public
5320,0,Public
5323,0,Public
5328,0,Public
5330,1,Public
5331,1,Public
5332,0,Public
5333,1,Public
5334,1,Public
5349,1,Public
5351,0,Public
5352,1,Public
5354,0,Public
5362,0,Public
5364,0,Public
5370,1,Public
5372,0,Public
5376,0,Public
5378,0,Public
5382,1,Public
5383,0,Public
5385,0,Public
5387,0,Public
5388,1,Public
5390,1,Public
5391,1,Public
5392,0,Public
5393,0,Public
5399,0,Public
5400,0,Public
5401,0,Public
5402,1,Public
5404,0,Public
5408,0,Public
5409,1,Public
5412,1,Public
5416,0,Public
5419,0,Public
5425,0,Public
5427,1,Public
5434,0,Public
5439,0,Public
5446,1,Public
5447,1,Public
5452,0,Public
5453,1,Public
5455,0,Public
5456,0,Public
5459,0,Public
5461,0,Public
5462,0,Public
5463,0,Public
5468,1,Public
5469,1,Public
5470,0,Public
5479,0,Public
5486,1,Public
5488,1,Public
5495,1,Public
5498,1,Public
5499,1,Public
5501,0,Public
5506,1,Public
5507,0,Public
5509,0,Public
5511,1,Public
5514,1,Public
5527,0,Public
5530,1,Public
5531,1,Public
5532,0,Public
5535,0,Public
5536,1,Public
5538,0,Public
5541,0,Public
5543,1,Public
5544,0,Public
5545,1,Public
5546,0,Public
5551,1,Public
5552,1,Public
5553,1,Public
5555,0,Public
5563,1,Public
5575,0,Public
5587,0,Public
5589,1,Public
5591,1,Public
5593,1,Public
5594,1,Public
5595,1,Public
5601,0,Public
5608,0,Public
5611,1,Public
5612,1,Public
5619,0,Public
5622,1,Public
5628,1,Public
5630,1,Public
5631,0,Public
5639,0,Public
5643,0,Public
5654,0,Public
5655,0,Public
5659,0,Public
5669,0,Public
5671,0,Public
5673,0,Public
5674,0,Public
5688,1,Public
5690,0,Public
5693,0,Public
5695,0,Public
5696,1,Public
5702,0,Public
5706,1,Public
5707,0,Public
5710,0,Public
5711,0,Public
5713,0,Public
5717,1,Public
5723,1,Public
5728,0,Public
5730,0,Public
5731,0,Public
5736,1,Public
5743,0,Public
5744,0,Public
5746,1,Public
5747,0,Public
5751,1,Public
5758,1,Public
5759,1,Public
5763,1,Public
5764,1,Public
5765,0,Public
5766,0,Public
5768,1,Public
5769,0,Public
5770,1,Public
5772,1,Public
5774,1,Public
5779,0,Public
5781,0,Public
5782,0,Public
5791,1,Public
5794,1,Public
5797,0,Public
5801,1,Public
5802,0,Public
5803,1,Public
5810,1,Public
5812,1,Public
5813,1,Public
5814,0,Public
5815,1,Public
5816,0,Public
5826,1,Public
5827,0,Public
5830,0,Public
5834,0,Public
5843,1,Public
5849,0,Public
5851,1,Public
5852,0,Public
5856,1,Public
5858,1,Public
5863,0,Public
5864,1,Public
5870,0,Public
5871,0,Public
5876,1,Public
5879,1,Public
5883,1,Public
5886,1,Public
5892,0,Public
5895,1,Public
5898,0,Public
5901,0,Public
5902,1,Public
5905,0,Public
5908,1,Public
5909,1,Public
5912,1,Public
5919,0,Public
5920,0,Public
5937,1,Public
5939,0,Public
5941,1,Public
5946,0,Public
5950,1,Public
5951,0,Public
5953,1,Public
5955,0,Public
5956,1,Public
5959,0,Public
5961,0,Public
5962,0,Public
5963,0,Public
5966,1,Public
5968,1,Public
5973,0,Public
5974,1,Public
5975,1,Public
5976,0,Public
5980,0,Public
5981,0,Public
5983,1,Public
5984,0,Public
5987,1,Public
5993,0,Public
6002,0,Public
6016,1,Public
6018,0,Public
6024,1,Public
6025,0,Public
6029,1,Public
6034,0,Public
6037,0,Public
6039,0,Public
6041,0,Public
6049,1,Public
6051,0,Public
6058,1,Public
6063,1,Public
6064,1,Public
6075,0,Public
6076,0,Public
6087,0,Public
6088,1,Public
6092,0,Public
6093,0,Public
6097,1,Public
6098,0,Public
6100,1,Public
6105,1,Public
6108,1,Public
6109,0,Public
6115,1,Public
6118,0,Public
6121,0,Public
6125,1,Public
6129,1,Public
6133,1,Public
6134,0,Public
6136,0,Public
6137,1,Public
6139,1,Public
6140,0,Public
6141,1,Public
6145,0,Public
6148,1,Public
6150,0,Public
6153,0,Public
6154,0,Public
6155,1,Public
6164,0,Public
6165,0,Public
6167,1,Public
6169,1,Public
6172,1,Public
6174,0,Public
6183,1,Public
6187,1,Public
6193,0,Public
6195,0,Public
6201,0,Public
6203,1,Public
6204,1,Public
6207,1,Public
6211,1,Public
6214,0,Public
6216,0,Public
6219,0,Public
6220,1,Public
6222,0,Public
6229,1,Public
6237,1,Public
6238,0,Public
6240,0,Public
6245,1,Public
6256,1,Public
6258,0,Public
6262,0,Public
6266,1,Public
6267,1,Public
6268,0,Public
6269,1,Public
6277,1,Public
6281,0,Public
6283,1,Public
6287,0,Public
6290,0,Public
6294,1,Public
6296,0,Public
6303,0,Public
6305,0,Public
6313,0,Public
6318,1,Public
6323,0,Public
6328,0,Public
6329,0,Public
6333,1,Public
6338,1,Public
6339,1,Public
6340,0,Public
6349,1,Public
6354,1,Public
6356,1,Public
6360,1,Public
6370,1,Public
6374,0,Public
6377,0,Public
6378,0,Public
6380,1,Public
6382,0,Public
6383,0,Public
6386,0,Public
6388,1,Public
6389,1,Public
6392,1,Public
6396,0,Public
6397,1,Public
6398,1,Public
6399,0,Public
6400,0,Public
6404,0,Public
6411,0,Public
6416,1,Public
6417,0,Public
6419,0,Public
6422,1,Public
6426,1,Public
6434,0,Public
6441,0,Public
6447,1,Public
6458,1,Public
6459,1,Public
6460,1,Public
6463,0,Public
6465,1,Public
6471,0,Public
6472,0,Public
6476,1,Public
6477,1,Public
6478,1,Public
6480,1,Public
6482,1,Public
6484,0,Public
6486,1,Public
6488,1,Public
6490,0,Public
6492,0,Public
6494,1,Public
6496,0,Public
6498,1,Public
6499,1,Public
6505,1,Public
6506,0,Public
6510,0,Public
6514,1,Public
6517,0,Public
6520,1,Public
6522,0,Public
6527,0,Public
6528,0,Public
6530,0,Public
6534,1,Public
6542,1,Public
6548,0,Public
6554,0,Public
6557,0,Public
6558,1,Public
6563,0,Public
6568,1,Public
6572,1,Public
6574,1,Public
6575,0,Public
6578,1,Public
6580,0,Public
6589,0,Public
6600,0,Public
6605,0,Public
6608,1,Public
6610,1,Public
6611,0,Public
6615,0,Public
6619,0,Public
6624,0,Public
6628,0,Public
6631,1,Public
6635,0,Public
6636,1,Public
6638,0,Public
6642,0,Public
6645,0,Public
6646,1,Public
6649,1,Public
6651,1,Public
6653,1,Public
6657,0,Public
6658,1,Private
6659,0,Private
6660,0,Private
6661,0,Private
6662,1,Private
6665,0,Private
6666,1,Private
6670,1,Private
6673,1,Private
6675,1,Private
6677,0,Private
6683,1,Private
6688,0,Private
6695,1,Private
6697,1,Private
6698,1,Private
6700,0,Private
6704,1,Private
6708,1,Private
6709,0,Private
6711,1,Private
6713,0,Private
6714,0,Private
6719,0,Private
6721,0,Private
6722,0,Private
6723,1,Private
6736,0,Private
6737,0,Private
6739,1,Private
6744,0,Private
6748,1,Private
6749,0,Private
6751,1,Private
6752,0,Private
6754,0,Private
6756,0,Private
6758,0,Private
6759,0,Private
6768,0,Private
6784,0,Private
6785,0,Private
6787,0,Private
6791,0,Private
6794,0,Private
6796,0,Private
6798,0,Private
6802,1,Private
6805,0,Private
6806,0,Private
6813,1,Private
6816,1,Private
6821,0,Private
6822,0,Private
6826,1,Private
6829,1,Private
6830,1,Private
6832,1,Private
6833,1,Private
6838,0,Private
6839,1,Private
6848,0,Private
6853,1,Private
6856,0,Private
6859,0,Private
6863,0,Private
6864,1,Private
6870,1,Private
6876,1,Private
6877,0,Private
6880,0,Private
6886,0,Private
6893,1,Private
6894,1,Private
6895,1,Private
6898,0,Private
6906,0,Private
6908,1,Private
6921,0,Private
6923,0,Private
6925,0,Private
6928,0,Private
6936,0,Private
6937,1,Private
6940,0,Private
6943,1,Private
6944,0,Private
6945,0,Private
6946,1,Private
6950,1,Private
6951,0,Private
6954,0,Private
6957,0,Private
6961,1,Private
6963,0,Private
6967,0,Private
6969,1,Private
6972,0,Private
6973,0,Private
6976,1,Private
6977,0,Private
6989,1,Private
6994,1,Private
6999,1,Private
7008,0,Private
7010,1,Private
7015,0,Private
7020,1,Private
7023,1,Private
7024,0,Private
7025,0,Private
7028,0,Private
7032,1,Private
7033,1,Private
7041,0,Private
7045,0,Private
7049,0,Private
7054,1,Private
7055,1,Private
7060,1,Private
7063,0,Private
7065,0,Private
7069,1,Private
7074,0,Private
7076,1,Private
7086,1,Private
7087,1,Private
7088,1,Private
7093,0,Private
7100,0,Private
7114,0,Private
7117,0,Private
7120,0,Private
7127,1,Private
7128,1,Private
7130,0,Private
7132,0,Private
7134,0,Private
7140,0,Private
7143,0,Private
7147,0,Private
7150,1,Private
7153,1,Private
7154,1,Private
7155,1,Private
7163,0,Private
7168,0,Private
7170,1,Private
7172,1,Private
7174,0,Private
7175,0,Private
7182,0,Private
7184,1,Private
7190,1,Private
7197,0,Private
7203,1,Private
7206,1,Private
7208,0,Private
7212,0,Private
7217,1,Private
7219,1,Private
7220,0,Private
7232,0,Private
7235,1,Private
7236,0,Private
7244,1,Private
7247,0,Private
7255,1,Private
7256,0,Private
7271,0,Private
7272,0,Private
7273,0,Private
7281,1,Private
7282,0,Private
7283,1,Private
7284,0,Private
7287,1,Private
7288,0,Private
7291,0,Private
7292,1,Private
7293,1,Private
7294,0,Private
7295,1,Private
7298,0,Private
7299,1,Private
7311,0,Private
7314,0,Private
7318,0,Private
7319,0,Private
7321,1,Private
7322,0,Private
7324,0,Private
7327,1,Private
7328,1,Private
7331,0,Private
7337,0,Private
7338,0,Private
7340,0,Private
7346,1,Private
7348,1,Private
7350,1,Private
7357,0,Private
7364,0,Private
7367,0,Private
7369,1,Private
7373,0,Private
7374,1,Private
7378,1,Private
7381,0,Private
7382,1,Private
7384,1,Private
7385,1,Private
7386,1,Private
7389,1,Private
7390,1,Private
7392,0,Private
7393,0,Private
7396,0,Private
7400,0,Private
7401,0,Private
7402,1,Private
7404,1,Private
7406,0,Private
7411,1,Private
7414,0,Private
7416,1,Private
7418,1,Private
7419,0,Private
7423,1,Private
7426,0,Private
7442,0,Private
7443,1,Private
7449,1,Private
7452,1,Private
7455,1,Private
7456,0,Private
7462,0,Private
7466,0,Private
7467,0,Private
7470,0,Private
7472,0,Private
7481,0,Private
7485,0,Private
7493,0,Private
7495,0,Private
7496,1,Private
7503,0,Private
7505,1,Private
7506,0,Private
7510,0,Private
7514,1,Private
7517,1,Private
7523,0,Private
7524,0,Private
7525,0,Private
7527,1,Private
7538,0,Private
7542,1,Private
7544,0,Private
7545,1,Private
7552,0,Private
7553,1,Private
7554,0,Private
7559,0,Private
7562,1,Private
7566,1,Private
7567,0,Private
7568,0,Private
7571,1,Private
7572,1,Private
7574,1,Private
7582,0,Private
7587,1,Private
7588,0,Private
7591,1,Private
7595,1,Private
7601,1,Private
7604,1,Private
7607,0,Private
7608,0,Private
7609,1,Private
7611,0,Private
7613,0,Private
7619,0,Private
7621,0,Private
7622,1,Private
7623,0,Private
7624,0,Private
7629,0,Private
7632,0,Private
7633,0,Private
7639,0,Private
7642,0,Private
7645,1,Private
7647,1,Private
7651,1,Private
7652,0,Private
7653,0,Private
7656,0,Private
7658,1,Private
7663,1,Private
7664,0,Private
7665,0,Private
7671,0,Private
7675,0,Private
7677,0,Private
7680,1,Private
7682,0,Private
7688,0,Private
7689,0,Private
7690,0,Private
7694,1,Private
7695,0,Private
7698,0,Private
7701,0,Private
7702,1,Private
7703,0,Private
7705,0,Private
7708,0,Private
7710,1,Private
7712,0,Private
7713,0,Private
7714,0,Private
7715,0,Private
7724,0,Private
7729,0,Private
7734,0,Private
7741,1,Private
7747,1,Private
7748,1,Private
7750,1,Private
7752,0,Private
7753,0,Private
7756,1,Private
7757,0,Private
7758,1,Private
7759,0,Private
7762,1,Private
7767,0,Private
7770,0,Private
7771,0,Private
7779,0,Private
7780,0,Private
7784,0,Private
7786,1,Private
7789,0,Private
7791,1,Private
7792,1,Private
7795,0,Private
7800,1,Private
7805,1,Private
7806,1,Private
7807,0,Private
7808,0,Private
7809,1,Private
7817,1,Private
7819,0,Private
7823,0,Private
7824,1,Private
7837,1,Private
7842,1,Private
7843,0,Private
7846,0,Private
7849,1,Private
7853,1,Private
7855,0,Private
7857,0,Private
7859,1,Private
7861,0,Private
7864,1,Private
7865,0,Private
7868,0,Private
7872,0,Private
7875,1,Private
7876,0,Private
7881,0,Private
7882,1,Private
7883,1,Private
7884,0,Private
7885,1,Private
7886,1,Private
7888,0,Private
7893,0,Private
7900,0,Private
7903,1,Private
7905,0,Private
7907,0,Private
7910,0,Private
7915,1,Private
7917,1,Private
7919,1,Private
7922,1,Private
7926,0,Private
7927,0,Private
7928,0,Private
7931,1,Private
7934,0,Private
7942,1,Private
7943,1,Private
7944,1,Private
7946,1,Private
7949,1,Private
7954,0,Private
7957,1,Private
7959,1,Private
7961,1,Private
7963,1,Private
7965,0,Private
7966,0,Private
7968,0,Private
7970,1,Private
7979,1,Private
7981,0,Private
7983,1,Private
7995,0,Private
8000,0,Private
8004,1,Private
8007,0,Private
8008,1,Private
8009,0,Private
8014,1,Private
8015,0,Private
8016,0,Private
8020,0,Private
8023,0,Private
8024,0,Private
8025,0,Private
8026,0,Private
8029,1,Private
8030,1,Private
8031,0,Private
8032,0,Private
8033,0,Private
8035,0,Private
8038,1,Private
8039,0,Private
8040,1,Private
8041,1,Private
8043,0,Private
8047,0,Private
8053,1,Private
8054,1,Private
8061,1,Private
8066,1,Private
8068,0,Private
8069,1,Private
8070,0,Private
8072,1,Private
8073,0,Private
8082,0,Private
8084,0,Private
8085,0,Private
8086,0,Private
8091,0,Private
8094,0,Private
8096,0,Private
8097,0,Private
8107,0,Private
8110,1,Private
8112,1,Private
8113,1,Private
8114,1,Private
8123,0,Private
8128,0,Private
8130,0,Private
8132,1,Private
8136,0,Private
8138,0,Private
8140,1,Private
8141,0,Private
8146,0,Private
8151,0,Private
8152,0,Private
8155,0,Private
8157,1,Private
8159,1,Private
8162,1,Private
8163,1,Private
8166,0,Private
8170,0,Private
8176,0,Private
8182,1,Private
8189,1,Private
8190,0,Private
8191,1,Private
8192,1,Private
8205,1,Private
8212,1,Private
8214,1,Private
8216,0,Private
8217,1,Private
8220,1,Private
8222,0,Private
8234,0,Private
8235,1,Private
8236,0,Private
8238,0,Private
8241,0,Private
8242,0,Private
8246,0,Private
8247,0,Private
8251,0,Private
8257,1,Private
8258,0,Private
8259,1,Private
8260,1,Private
8261,1,Private
8262,1,Private
8263,0,Private
8270,1,Private
8273,0,Private
8275,1,Private
8277,0,Private
8282,0,Private
8283,0,Private
8285,1,Private
8288,1,Private
8291,0,Private
8299,0,Private
8300,1,Private
8302,0,Private
8303,0,Private
8305,0,Private
8306,0,Private
8307,0,Private
8308,0,Private
8310,0,Private
8312,1,Private
8315,0,Private
8317,0,Private
8320,0,Private
8321,0,Private
8322,1,Private
8327,1,Private
8330,1,Private
8331,1,Private
8332,0,Private
8334,1,Private
8339,1,Private
8340,0,Private
8344,0,Private
8349,1,Private
8355,0,Private
8361,1,Private
8381,1,Private
8384,0,Private
8385,0,Private
8386,0,Private
8387,0,Private
8395,1,Private
8396,0,Private
8407,0,Private
8410,0,Private
8412,1,Private
8415,1,Private
8418,1,Private
8419,1,Private
8421,0,Private
8423,1,Private
8424,0,Private
8425,1,Private
8426,0,Private
8430,1,Private
8435,0,Private
8438,0,Private
8440,1,Private
8443,0,Private
8448,0,Private
8453,0,Private
8455,0,Private
8461,0,Private
8465,0,Private
8468,0,Private
8472,1,Private
8474,1,Private
8475,0,Private
8477,0,Private
8478,1,Private
8479,1,Private
8487,1,Private
8490,0,Private
8495,0,Private
8498,0,Private
8503,0,Private
8505,1,Private
8506,0,Private
8507,0,Private
8509,0,Private
8511,1,Private
8513,1,Private
8515,0,Private
8518,0,Private
8524,0,Private
8526,1,Private
8534,0,Private
8540,1,Private
8541,1,Private
8545,0,Private
8547,1,Private
8555,0,Private
8556,1,Private
8557,0,Private
8563,1,Private
8565,0,Private
8568,1,Private
8572,1,Private
8573,1,Private
8574,1,Private
8577,1,Private
8578,1,Private
8584,1,Private
8587,1,Private
8595,0,Private
8599,1,Private
8606,0,Private
8609,0,Private
8610,0,Private
8614,1,Private
8623,0,Private
8638,0,Private
8649,1,Private
8653,1,Private
8654,1,Private
8660,1,Private
8662,1,Private
8663,1,Private
8666,0,Private
8668,0,Private
8671,1,Private
8690,1,Private
8691,1,Private
8692,1,Private
8694,0,Private
8695,0,Private
8696,1,Private
8697,0,Private
8698,1,Private
8702,1,Private
8704,0,Private
8705,0,Private
8707,0,Private
8711,1,Private
8712,1,Private
8713,0,Private
8715,1,Private
8716,0,Private
8721,0,Private
8725,0,Private
8729,1,Private
8730,1,Private
8736,1,Private
8739,1,Private
8740,0,Private
8742,0,Private
8743,0,Private
8746,0,Private
8747,0,Private
8755,0,Private
8757,1,Private
8758,1,Private
8760,1,Private
8764,0,Private
8765,0,Private
8766,0,Private
8767,0,Private
8768,0,Private
8772,1,Private
8774,0,Private
8775,1,Private
8777,1,Private
8778,1,Private
8779,0,Private
8784,1,Private
8787,1,Private
8788,0,Private
8789,1,Private
8793,1,Private
8798,0,Private
8801,0,Private
8805,1,Private
8814,0,Private
8822,1,Private
8826,1,Private
8828,1,Private
8838,0,Private
8840,0,Private
8848,0,Private
8849,0,Private
8850,0,Private
8854,0,Private
8859,0,Private
8860,1,Private
8873,0,Private
8878,1,Private
8888,1,Private
8889,0,Private
8890,0,Private
8896,1,Private
8901,1,Private
8904,1,Private
8907,0,Private
8911,0,Private
8914,1,Private
8915,0,Private
8916,1,Private
8920,1,Private
8921,0,Private
8922,0,Private
8928,0,Private
8931,0,Private
8932,0,Private
8933,1,Private
8936,0,Private
8938,1,Private
8940,0,Private
8941,0,Private
8945,0,Private
8948,0,Private
8950,1,Private
8952,0,Private
8955,1,Private
8960,0,Private
8966,0,Private
8968,0,Private
8971,0,Private
8972,1,Private
8973,1,Private
8976,1,Private
8978,0,Private
8982,0,Private
8984,1,Private
8987,0,Private
8990,1,Private
8991,0,Private
8997,1,Private
8998,0,Private
8999,1,Private
9001,1,Private
9007,0,Private
9008,0,Private
9009,1,Private
9010,0,Private
9012,0,Private
9013,1,Private
9016,0,Private
9018,0,Private
9020,0,Private
9021,1,Private
9023,0,Private
9030,1,Private
9031,0,Private
9034,0,Private
9037,1,Private
9043,0,Private
9049,0,Private
9050,0,Private
9052,1,Private
9053,0,Private
9054,0,Private
9059,0,Private
9064,0,Private
9067,1,Private
9083,0,Private
9089,0,Private
9095,1,Private
9103,1,Private
9104,0,Private
9121,0,Private
9127,0,Private
9128,0,Private
9131,1,Private
9133,1,Private
9134,0,Private
9135,1,Private
9139,0,Private
9140,1,Private
9158,1,Private
9159,0,Private
9161,0,Private
9164,1,Private
9170,1,Private
9175,0,Private
9180,0,Private
9182,0,Private
9183,0,Private
9184,0,Private
9186,0,Private
9188,0,Private
9199,1,Private
9200,1,Private
9202,1,Private
9205,1,Private
9211,0,Private
9212,0,Private
9217,0,Private
9222,1,Private
9226,1,Private
9227,0,Private
9229,0,Private
9231,1,Private
9232,0,Private
9233,1,Private
9240,0,Private
9244,1,Private
9245,0,Private
9246,0,Private
9256,1,Private
9258,0,Private
9264,0,Private
9266,0,Private
9270,1,Private
9272,0,Private
9279,0,Private
9280,0,Private
9285,0,Private
9286,0,Private
9287,1,Private
9288,1,Private
9292,0,Private
9302,0,Private
9305,0,Private
9311,1,Private
9312,0,Private
9314,1,Private
9317,0,Private
9318,1,Private
9320,1,Private
9322,0,Private
9325,1,Private
9332,1,Private
9335,1,Private
9346,1,Private
9347,0,Private
9348,1,Private
9357,1,Private
9362,0,Private
9365,0,Private
9371,1,Private
9379,1,Private
9381,0,Private
9382,1,Private
9390,0,Private
9395,0,Private
9401,0,Private
9402,0,Private
9405,1,Private
9406,1,Private
9409,1,Private
9410,1,Private
9413,1,Private
9418,0,Private
9420,1,Private
9421,1,Private
9424,1,Private
9426,0,Private
9428,1,Private
9439,1,Private
9440,0,Private
9446,1,Private
9447,1,Private
9448,0,Private
9450,0,Private
9453,1,Private
9456,0,Private
9462,0,Private
9467,1,Private
9472,1,Private
9481,1,Private
9486,0,Private
9493,0,Private
9494,0,Private
9497,1,Private
9498,0,Private
9503,0,Private
9508,0,Private
9511,1,Private
9513,1,Private
9514,0,Private
9516,0,Private
9518,0,Private
9520,0,Private
9522,1,Private
9525,0,Private
9526,1,Private
9528,0,Private
9529,1,Private
9530,0,Private
9533,0,Private
9534,0,Private
9535,0,Private
9538,1,Private
9540,1,Private
9542,0,Private
9552,1,Private
9554,1,Private
9563,0,Private
9566,1,Private
9578,0,Private
9580,1,Private
9581,1,Private
9587,0,Private
9592,0,Private
9599,0,Private
9602,1,Private
9620,0,Private
9624,1,Private
9628,0,Private
9630,0,Private
9633,0,Private
9634,0,Private
9635,1,Private
9637,1,Private
9643,0,Private
9647,0,Private
9648,0,Private
9653,0,Private
9654,0,Private
9656,0,Private
9657,0,Private
9663,0,Private
9664,0,Private
9668,1,Private
9671,0,Private
9674,1,Private
9676,0,Private
9677,0,Private
9679,1,Private
9680,0,Private
9681,1,Private
9682,1,Private
9685,0,Private
9686,0,Private
9697,1,Private
9701,0,Private
9710,0,Private
9719,0,Private
9720,0,Private
9721,1,Private
9724,1,Private
9728,0,Private
9733,1,Private
9735,0,Private
9740,0,Private
9741,0,Private
9747,0,Private
9750,0,Private
9757,0,Private
9761,0,Private
9769,1,Private
9770,1,Private
9771,0,Private
9776,0,Private
9777,0,Private
9782,1,Private
9784,1,Private
9791,1,Private
9795,0,Private
9800,1,Private
9802,0,Private
9803,0,Private
9807,1,Private
9808,1,Private
9809,1,Private
9819,1,Private
9820,1,Private
9822,0,Private
9823,1,Private
9828,1,Private
9832,1,Private
9837,1,Private
9852,1,Private
9856,1,Private
9871,0,Private
9873,1,Private
9878,0,Private
9882,0,Private
9883,1,Private
9886,0,Private
9891,1,Private
9892,1,Private
9899,0,Private
9900,1,Private
9910,1,Private
9913,1,Private
9914,0,Private
9918,0,Private
9919,1,Private
9920,0,Private
9927,0,Private
9929,1,Private
9933,1,Private
9937,1,Private
9944,0,Private
9948,0,Private
9955,0,Private
9960,1,Private
9964,0,Private
9966,0,Private
9981,1,Private
9989,1,Private
9991,1,Private
9993,0,Private
9995,0,Private
10001,0,Private
10002,1,Private
10003,0,Private
10010,0,Private
10011,1,Private
10012,1,Private
10013,0,Private
10018,1,Private
10019,1,Private
10022,1,Private
10029,0,Private
10032,0,Private
10037,1,Private
10038,0,Private
10043,0,Private
10048,0,Private
10054,0,Private
10060,0,Private
10063,1,Private
10069,0,Private
10071,0,Private
10073,0,Private
10075,1,Private
10076,0,Private
10080,0,Private
10082,0,Private
10089,1,Private
10090,1,Private
10095,0,Private
10097,0,Private
10101,0,Private
10105,0,Private
10106,1,Private
10109,0,Private
10112,0,Private
10114,0,Private
10116,0,Private
10117,0,Private
10123,0,Private
10124,0,Private
10126,0,Private
10129,0,Private
10136,0,Private
10142,0,Private
10144,0,Private
10145,1,Private
10149,1,Private
10159,1,Private
10163,1,Private
10166,0,Private
10170,0,Private
10174,0,Private
10180,0,Private
10183,1,Private
10185,0,Private
10186,1,Private
10191,1,Private
10192,0,Private
10193,0,Private
10197,1,Private
10198,1,Private
10202,0,Private
10205,0,Private
10218,0,Private
10224,1,Private
10227,1,Private
10228,0,Private
10229,0,Private
10230,1,Private
10237,0,Private
10242,1,Private
10243,1,Private
10256,0,Private
10259,0,Private
10260,1,Private
10262,0,Private
10266,0,Private
10269,0,Private
10272,0,Private
10274,0,Private
10275,0,Private
10281,0,Private
10285,0,Private
10287,1,Private
10288,1,Private
10296,0,Private
10298,0,Private
10304,1,Private
10306,0,Private
